{
  "epochs": [
    {
      "epoch": 1,
      "train": {
        "accuracy": 0.5982510930668332,
        "f1": 0.5956584558447966,
        "precision": 0.6009096615552283,
        "recall": 0.5983013420724095,
        "confusion_matrix": [
          [
            2715,
            1285
          ],
          [
            1931,
            2074
          ]
        ],
        "loss": 0.6574149778900409
      },
      "val": {
        "accuracy": 0.6198714780029659,
        "f1": 0.5955591466868824,
        "precision": 0.6580805284437692,
        "recall": 0.6199928259501218,
        "confusion_matrix": [
          [
            875,
            136
          ],
          [
            633,
            379
          ]
        ],
        "loss": 0.6401151240431785
      },
      "time_s": 115.35826969146729
    },
    {
      "epoch": 2,
      "train": {
        "accuracy": 0.618738288569644,
        "f1": 0.6166345114458903,
        "precision": 0.6214737064251081,
        "recall": 0.6187848002496878,
        "confusion_matrix": [
          [
            2773,
            1227
          ],
          [
            1825,
            2180
          ]
        ],
        "loss": 0.6411505076976064
      },
      "val": {
        "accuracy": 0.6238260009886307,
        "f1": 0.6153674339398916,
        "precision": 0.6356451246582504,
        "recall": 0.6237528490947405,
        "confusion_matrix": [
          [
            481,
            530
          ],
          [
            231,
            781
          ]
        ],
        "loss": 0.6298901717290393
      },
      "time_s": 119.81942129135132
    },
    {
      "epoch": 3,
      "train": {
        "accuracy": 0.6369768894440975,
        "f1": 0.6346488543796471,
        "precision": 0.6406396995377642,
        "recall": 0.6370269975031211,
        "confusion_matrix": [
          [
            2869,
            1131
          ],
          [
            1775,
            2230
          ]
        ],
        "loss": 0.6252156940867646
      },
      "val": {
        "accuracy": 0.5684626791893228,
        "f1": 0.5259221220988524,
        "precision": 0.6064657838056853,
        "recall": 0.5683147433566734,
        "confusion_matrix": [
          [
            272,
            739
          ],
          [
            134,
            878
          ]
        ],
        "loss": 0.7708852880082387
      },
      "time_s": 125.8939163684845
    },
    {
      "epoch": 4,
      "train": {
        "accuracy": 0.6498438475952529,
        "f1": 0.647730672240048,
        "precision": 0.6536080281464898,
        "recall": 0.6498924781523097,
        "confusion_matrix": [
          [
            2911,
            1089
          ],
          [
            1714,
            2291
          ]
        ],
        "loss": 0.6205748750707792
      },
      "val": {
        "accuracy": 0.6080079090459714,
        "f1": 0.5772102298827249,
        "precision": 0.652116566192827,
        "recall": 0.6078746437409837,
        "confusion_matrix": [
          [
            342,
            669
          ],
          [
            124,
            888
          ]
        ],
        "loss": 0.6988726464816973
      },
      "time_s": 128.10891342163086
    },
    {
      "epoch": 5,
      "train": {
        "accuracy": 0.6699562773266708,
        "f1": 0.6689515549871501,
        "precision": 0.6721039600174781,
        "recall": 0.6699909488139826,
        "confusion_matrix": [
          [
            2902,
            1098
          ],
          [
            1544,
            2461
          ]
        ],
        "loss": 0.6010734220804981
      },
      "val": {
        "accuracy": 0.7024221453287197,
        "f1": 0.7019203845664327,
        "precision": 0.7038315816406866,
        "recall": 0.7024425978270643,
        "confusion_matrix": [
          [
            752,
            259
          ],
          [
            343,
            669
          ]
        ],
        "loss": 0.5711784782353098
      },
      "time_s": 132.78008127212524
    },
    {
      "epoch": 6,
      "train": {
        "accuracy": 0.683947532792005,
        "f1": 0.6829049942958549,
        "precision": 0.6864625181817906,
        "recall": 0.6839836142322098,
        "confusion_matrix": [
          [
            2967,
            1033
          ],
          [
            1497,
            2508
          ]
        ],
        "loss": 0.5897110028910235
      },
      "val": {
        "accuracy": 0.6979733069698467,
        "f1": 0.6965612982495333,
        "precision": 0.7017904278101499,
        "recall": 0.698007197507262,
        "confusion_matrix": [
          [
            775,
            236
          ],
          [
            375,
            637
          ]
        ],
        "loss": 0.570603190438322
      },
      "time_s": 134.57152938842773
    },
    {
      "epoch": 7,
      "train": {
        "accuracy": 0.6935665209244223,
        "f1": 0.6927917696840478,
        "precision": 0.6955957996986198,
        "recall": 0.6935981585518103,
        "confusion_matrix": [
          [
            2977,
            1023
          ],
          [
            1430,
            2575
          ]
        ],
        "loss": 0.581405112841664
      },
      "val": {
        "accuracy": 0.7296094908551656,
        "f1": 0.7290732682585497,
        "precision": 0.7314846562660724,
        "recall": 0.7296316604309121,
        "confusion_matrix": [
          [
            783,
            228
          ],
          [
            319,
            693
          ]
        ],
        "loss": 0.552115708869457
      },
      "time_s": 137.95971083641052
    },
    {
      "epoch": 8,
      "train": {
        "accuracy": 0.7001873828856965,
        "f1": 0.6992580069503147,
        "precision": 0.7027568387616745,
        "recall": 0.7002223782771535,
        "confusion_matrix": [
          [
            3025,
            975
          ],
          [
            1425,
            2580
          ]
        ],
        "loss": 0.574425446294681
      },
      "val": {
        "accuracy": 0.7192288680177954,
        "f1": 0.7114093690037271,
        "precision": 0.7460588215942363,
        "recall": 0.7193104115597988,
        "confusion_matrix": [
          [
            894,
            117
          ],
          [
            451,
            561
          ]
        ],
        "loss": 0.5533670250342968
      },
      "time_s": 147.35698103904724
    },
    {
      "epoch": 9,
      "train": {
        "accuracy": 0.7051842598376015,
        "f1": 0.7043350956141469,
        "precision": 0.707631117809013,
        "recall": 0.7052180087390761,
        "confusion_matrix": [
          [
            3037,
            963
          ],
          [
            1397,
            2608
          ]
        ],
        "loss": 0.5656454166645262
      },
      "val": {
        "accuracy": 0.7103311913000494,
        "f1": 0.7012343998870945,
        "precision": 0.7396929311822928,
        "recall": 0.7104176196228835,
        "confusion_matrix": [
          [
            895,
            116
          ],
          [
            470,
            542
          ]
        ],
        "loss": 0.5622376466645973
      },
      "time_s": 149.18477725982666
    },
    {
      "epoch": 10,
      "train": {
        "accuracy": 0.714053716427233,
        "f1": 0.7132568320577304,
        "precision": 0.7165223803877396,
        "recall": 0.7140869225967541,
        "confusion_matrix": [
          [
            3069,
            931
          ],
          [
            1358,
            2647
          ]
        ],
        "loss": 0.5563982343018464
      },
      "val": {
        "accuracy": 0.7009391992090954,
        "f1": 0.6893954947545051,
        "precision": 0.7362452075594791,
        "recall": 0.7010346661036895,
        "confusion_matrix": [
          [
            904,
            107
          ],
          [
            498,
            514
          ]
        ],